{"v":"5.6.9","fr":25,"ip":0,"op":39,"w":62,"h":62,"nm":"Heating","ddd":0,"assets":[],"layers":[{"ddd":0,"ind":1,"ty":4,"nm":"Line3","sr":1,"ks":{"o":{"a":0,"k":100,"ix":11},"r":{"a":0,"k":0,"ix":10},"p":{"a":0,"k":[31.991,22.18,0],"ix":2},"a":{"a":0,"k":[0,0,0],"ix":1},"s":{"a":0,"k":[100,100,100],"ix":6}},"ao":0,"shapes":[{"ty":"gr","it":[{"ind":0,"ty":"sh","ix":1,"ks":{"a":0,"k":{"i":[[0,0],[-1.17,-0.38],[0.28,-1.11],[0,0],[0,0],[-0.14,-0.73],[0,0],[0,0],[0.42,-1.48],[0,0],[0,0],[1.16,0.38],[-0.27,1.12],[0,0],[0,0],[0.13,0.73],[0,0],[0,0],[-0.42,1.48],[0,0]],"o":[[0.38,-1.16],[1.1,0.37],[0,0],[0,0],[-0.23,0.7],[0,0],[0,0],[0.37,1.5],[0,0],[0,0],[-0.39,1.16],[-1.11,-0.37],[0,0],[0,0],[0.23,-0.7],[0,0],[0,0],[-0.37,-1.5],[0,0],[0,0]],"v":[[-1.113,-10.659],[1.687,-12.069],[3.137,-9.439],[3.087,-9.269],[1.717,-5.109],[1.567,-2.929],[1.627,-2.659],[2.677,1.591],[2.597,6.131],[2.487,6.501],[1.117,10.661],[-1.683,12.071],[-3.143,9.431],[-3.093,9.271],[-1.713,5.111],[-1.563,2.931],[-1.623,2.661],[-2.673,-1.589],[-2.603,-6.129],[-2.493,-6.499]],"c":true},"ix":2},"nm":"Path 1","mn":"ADBE Vector Shape - Group","hd":false},{"ty":"fl","c":{"a":1,"k":[{"i":{"x":[0.833],"y":[0.833]},"o":{"x":[0.167],"y":[0.167]},"t":15,"s":[0.117647059262,0.160784319043,0.239215686917,1]},{"i":{"x":[0.833],"y":[0.833]},"o":{"x":[0.167],"y":[0.167]},"t":20,"s":[0.960784316063,0.43137255311,0.137254908681,1]},{"i":{"x":[0.833],"y":[0.833]},"o":{"x":[0.167],"y":[0.167]},"t":33,"s":[0.960784316063,0.43137255311,0.137254908681,1]},{"t":38,"s":[0.117647059262,0.160784319043,0.239215686917,1]}],"ix":4},"o":{"a":1,"k":[{"i":{"x":[0.667],"y":[1]},"o":{"x":[0.333],"y":[0]},"t":6,"s":[36]},{"i":{"x":[0.667],"y":[1]},"o":{"x":[0.333],"y":[0]},"t":11,"s":[0]},{"i":{"x":[0.667],"y":[1]},"o":{"x":[0.333],"y":[0]},"t":15,"s":[0]},{"i":{"x":[0.667],"y":[1]},"o":{"x":[0.333],"y":[0]},"t":20,"s":[100]},{"i":{"x":[0.833],"y":[1]},"o":{"x":[0.333],"y":[0]},"t":33,"s":[100]},{"t":38,"s":[36]}],"ix":5},"r":1,"bm":0,"nm":"Fill 1","mn":"ADBE Vector Graphic - Fill","hd":false},{"ty":"tr","p":{"a":0,"k":[0,0],"ix":2},"a":{"a":0,"k":[0,0],"ix":1},"s":{"a":0,"k":[100,100],"ix":3},"r":{"a":0,"k":0,"ix":6},"o":{"a":0,"k":100,"ix":7},"sk":{"a":0,"k":0,"ix":4},"sa":{"a":0,"k":0,"ix":5},"nm":"Transform"}],"nm":"路径","np":2,"cix":2,"bm":0,"ix":1,"mn":"ADBE Vector Group","hd":false}],"ip":0,"op":102,"st":0,"bm":0},{"ddd":0,"ind":2,"ty":4,"nm":"Line2","sr":1,"ks":{"o":{"a":0,"k":100,"ix":11},"r":{"a":0,"k":0,"ix":10},"p":{"a":0,"k":[23.098,22.18,0],"ix":2},"a":{"a":0,"k":[0,0,0],"ix":1},"s":{"a":0,"k":[100,100,100],"ix":6}},"ao":0,"shapes":[{"ty":"gr","it":[{"ind":0,"ty":"sh","ix":1,"ks":{"a":0,"k":{"i":[[0,0],[-1.17,-0.38],[0.28,-1.11],[0,0],[0,0],[-0.14,-0.73],[0,0],[0,0],[0.42,-1.48],[0,0],[0,0],[1.16,0.38],[-0.27,1.12],[0,0],[0,0],[0.13,0.73],[0,0],[0,0],[-0.42,1.48],[0,0]],"o":[[0.38,-1.16],[1.1,0.37],[0,0],[0,0],[-0.23,0.7],[0,0],[0,0],[0.37,1.5],[0,0],[0,0],[-0.39,1.16],[-1.11,-0.37],[0,0],[0,0],[0.23,-0.7],[0,0],[0,0],[-0.37,-1.5],[0,0],[0,0]],"v":[[-1.113,-10.659],[1.687,-12.069],[3.137,-9.439],[3.087,-9.269],[1.717,-5.109],[1.567,-2.929],[1.627,-2.659],[2.677,1.591],[2.597,6.131],[2.487,6.501],[1.117,10.661],[-1.683,12.071],[-3.143,9.431],[-3.093,9.271],[-1.713,5.111],[-1.563,2.931],[-1.623,2.661],[-2.673,-1.589],[-2.603,-6.129],[-2.493,-6.499]],"c":true},"ix":2},"nm":"Path 1","mn":"ADBE Vector Shape - Group","hd":false},{"ty":"fl","c":{"a":1,"k":[{"i":{"x":[0.833],"y":[0.833]},"o":{"x":[0.167],"y":[0.167]},"t":12,"s":[0.117647059262,0.160784319043,0.239215686917,1]},{"i":{"x":[0.833],"y":[0.833]},"o":{"x":[0.167],"y":[0.167]},"t":17,"s":[0.960784316063,0.43137255311,0.137254908681,1]},{"i":{"x":[0.833],"y":[0.833]},"o":{"x":[0.167],"y":[0.167]},"t":27,"s":[0.960784316063,0.43137255311,0.137254908681,1]},{"t":32,"s":[0.117647059262,0.160784319043,0.239215686917,1]}],"ix":4},"o":{"a":1,"k":[{"i":{"x":[0.667],"y":[1]},"o":{"x":[0.333],"y":[0]},"t":3,"s":[36]},{"i":{"x":[0.667],"y":[1]},"o":{"x":[0.333],"y":[0]},"t":8,"s":[0]},{"i":{"x":[0.667],"y":[1]},"o":{"x":[0.333],"y":[0]},"t":12,"s":[0]},{"i":{"x":[0.667],"y":[1]},"o":{"x":[0.333],"y":[0]},"t":17,"s":[100]},{"i":{"x":[0.833],"y":[1]},"o":{"x":[0.333],"y":[0]},"t":27,"s":[100]},{"t":32,"s":[36]}],"ix":5},"r":1,"bm":0,"nm":"Fill 1","mn":"ADBE Vector Graphic - Fill","hd":false},{"ty":"tr","p":{"a":0,"k":[0,0],"ix":2},"a":{"a":0,"k":[0,0],"ix":1},"s":{"a":0,"k":[100,100],"ix":3},"r":{"a":0,"k":0,"ix":6},"o":{"a":0,"k":100,"ix":7},"sk":{"a":0,"k":0,"ix":4},"sa":{"a":0,"k":0,"ix":5},"nm":"Transform"}],"nm":"路径","np":2,"cix":2,"bm":0,"ix":1,"mn":"ADBE Vector Group","hd":false}],"ip":0,"op":102,"st":0,"bm":0},{"ddd":0,"ind":3,"ty":4,"nm":"Line","sr":1,"ks":{"o":{"a":0,"k":100,"ix":11},"r":{"a":0,"k":0,"ix":10},"p":{"a":0,"k":[14.206,22.18,0],"ix":2},"a":{"a":0,"k":[0,0,0],"ix":1},"s":{"a":0,"k":[100,100,100],"ix":6}},"ao":0,"shapes":[{"ty":"gr","it":[{"ind":0,"ty":"sh","ix":1,"ks":{"a":0,"k":{"i":[[0,0],[-1.17,-0.38],[0.28,-1.11],[0,0],[0,0],[-0.14,-0.73],[0,0],[0,0],[0.42,-1.48],[0,0],[0,0],[1.16,0.38],[-0.27,1.12],[0,0],[0,0],[0.13,0.73],[0,0],[0,0],[-0.42,1.48],[0,0]],"o":[[0.38,-1.16],[1.1,0.37],[0,0],[0,0],[-0.23,0.7],[0,0],[0,0],[0.37,1.5],[0,0],[0,0],[-0.39,1.16],[-1.11,-0.37],[0,0],[0,0],[0.23,-0.7],[0,0],[0,0],[-0.37,-1.5],[0,0],[0,0]],"v":[[-1.113,-10.659],[1.687,-12.069],[3.137,-9.439],[3.087,-9.269],[1.717,-5.109],[1.567,-2.929],[1.627,-2.659],[2.677,1.591],[2.597,6.131],[2.487,6.501],[1.117,10.661],[-1.683,12.071],[-3.143,9.431],[-3.093,9.271],[-1.713,5.111],[-1.563,2.931],[-1.623,2.661],[-2.673,-1.589],[-2.603,-6.129],[-2.493,-6.499]],"c":true},"ix":2},"nm":"Path 1","mn":"ADBE Vector Shape - Group","hd":false},{"ty":"fl","c":{"a":1,"k":[{"i":{"x":[0.833],"y":[0.833]},"o":{"x":[0.167],"y":[0.167]},"t":9,"s":[0.117647059262,0.160784319043,0.239215686917,1]},{"i":{"x":[0.833],"y":[0.833]},"o":{"x":[0.167],"y":[0.167]},"t":14,"s":[0.960784316063,0.43137255311,0.137254908681,1]},{"i":{"x":[0.833],"y":[0.833]},"o":{"x":[0.167],"y":[0.167]},"t":21,"s":[0.960784316063,0.43137255311,0.137254908681,1]},{"t":26,"s":[0.117647059262,0.160784319043,0.239215686917,1]}],"ix":4},"o":{"a":1,"k":[{"i":{"x":[0.667],"y":[1]},"o":{"x":[0.333],"y":[0]},"t":0,"s":[36]},{"i":{"x":[0.667],"y":[1]},"o":{"x":[0.333],"y":[0]},"t":5,"s":[0]},{"i":{"x":[0.667],"y":[1]},"o":{"x":[0.333],"y":[0]},"t":9,"s":[0]},{"i":{"x":[0.667],"y":[1]},"o":{"x":[0.333],"y":[0]},"t":14,"s":[100]},{"i":{"x":[0.833],"y":[1]},"o":{"x":[0.333],"y":[0]},"t":21,"s":[100]},{"t":26,"s":[36]}],"ix":5},"r":1,"bm":0,"nm":"Fill 1","mn":"ADBE Vector Graphic - Fill","hd":false},{"ty":"tr","p":{"a":0,"k":[0,0],"ix":2},"a":{"a":0,"k":[0,0],"ix":1},"s":{"a":0,"k":[100,100],"ix":3},"r":{"a":0,"k":0,"ix":6},"o":{"a":0,"k":100,"ix":7},"sk":{"a":0,"k":0,"ix":4},"sa":{"a":0,"k":0,"ix":5},"nm":"Transform"}],"nm":"路径","np":2,"cix":2,"bm":0,"ix":1,"mn":"ADBE Vector Group","hd":false}],"ip":0,"op":102,"st":0,"bm":0},{"ddd":0,"ind":5,"ty":4,"nm":"BackLine1","sr":1,"ks":{"o":{"a":0,"k":100,"ix":11},"r":{"a":0,"k":18,"ix":10},"p":{"a":0,"k":[48.625,28.153,0],"ix":2},"a":{"a":0,"k":[0.082,0.007,0],"ix":1},"s":{"a":0,"k":[86.531,113.147,100],"ix":6}},"ao":0,"shapes":[{"ind":0,"ty":"sh","ix":1,"ks":{"a":0,"k":{"i":[[0,-0.494],[0,0],[0.299,-0.35],[0.609,0],[0,0],[0.366,0.497],[0,0.491],[0,0],[-0.665,0.658],[-0.581,0],[0,0],[-0.367,-0.431]],"o":[[0,0],[0,0.496],[-0.367,0.429],[0,0],[-0.614,0],[-0.366,-0.497],[0,0],[0,-0.524],[0.665,-0.658],[0,0],[0.61,0],[0.297,0.349]],"v":[[3.234,-6.406],[3.234,6.406],[2.589,7.674],[0.286,8.409],[-0.428,8.38],[-2.873,7.228],[-3.306,5.998],[-3.077,-4.921],[-1.976,-7.392],[0.749,-8.478],[1.234,-8.406],[2.757,-7.702]],"c":true},"ix":2},"nm":"Path 1","mn":"ADBE Vector Shape - Group","hd":false},{"ty":"fl","c":{"a":0,"k":[0.117647066303,0.160784313725,0.239215701234,1],"ix":4},"o":{"a":0,"k":100,"ix":5},"r":1,"bm":0,"nm":"Fill 1","mn":"ADBE Vector Graphic - Fill","hd":false}],"ip":0,"op":100,"st":0,"bm":0},{"ddd":0,"ind":6,"ty":4,"nm":"BackLine22","sr":1,"ks":{"o":{"a":0,"k":100,"ix":11},"r":{"a":0,"k":-34,"ix":10},"p":{"a":0,"k":[50.125,13.245,0],"ix":2},"a":{"a":0,"k":[11.626,-16.75,0],"ix":1},"s":{"a":0,"k":[126,126,100],"ix":6}},"ao":0,"shapes":[{"ty":"gr","it":[{"ty":"rc","d":1,"s":{"a":0,"k":[3.94,6.161],"ix":2},"p":{"a":0,"k":[0,0],"ix":3},"r":{"a":0,"k":20,"ix":4},"nm":"Rectangle Path 1","mn":"ADBE Vector Shape - Rect","hd":false},{"ty":"fl","c":{"a":0,"k":[0.117646998985,0.160783999574,0.239216000426,1],"ix":4},"o":{"a":0,"k":100,"ix":5},"r":1,"bm":0,"nm":"Fill 1","mn":"ADBE Vector Graphic - Fill","hd":false},{"ty":"tr","p":{"a":0,"k":[11.626,-16.795],"ix":2},"a":{"a":0,"k":[0,0],"ix":1},"s":{"a":0,"k":[100,100],"ix":3},"r":{"a":0,"k":0,"ix":6},"o":{"a":0,"k":100,"ix":7},"sk":{"a":0,"k":0,"ix":4},"sa":{"a":0,"k":0,"ix":5},"nm":"Transform"}],"nm":"Rectangle 1","np":3,"cix":2,"bm":0,"ix":1,"mn":"ADBE Vector Group","hd":false}],"ip":0,"op":100,"st":0,"bm":0},{"ddd":0,"ind":7,"ty":4,"nm":"Back 2","sr":1,"ks":{"o":{"a":0,"k":100,"ix":11},"r":{"a":0,"k":0,"ix":10},"p":{"a":0,"k":[30.684,31.362,0],"ix":2},"a":{"a":0,"k":[0,0,0],"ix":1},"s":{"a":0,"k":[-100,100,100],"ix":6}},"ao":0,"shapes":[{"ty":"rd","nm":"圆角 1","r":{"a":0,"k":3.5,"ix":1},"ix":1,"mn":"ADBE Vector Filter - RC","hd":false},{"ty":"rd","nm":"圆角 2","r":{"a":0,"k":3,"ix":1},"ix":2,"mn":"ADBE Vector Filter - RC","hd":false},{"ty":"gr","it":[{"ind":0,"ty":"sh","ix":1,"ks":{"a":0,"k":{"i":[[2.77,0],[0,0],[0.64,-0.28],[-1.13,-2.52],[0,0],[-1.97,0],[0,0],[-0.84,1.71],[0,0],[0,0.77]],"o":[[0,0],[-0.7,0],[-2.52,1.13],[0,0],[0.81,1.8],[0,0],[1.9,0],[0,0],[0.34,-0.68],[0,-2.76]],"v":[[15.873,-7],[-15.877,-7],[-17.917,-6.57],[-20.437,0.04],[-18.657,4.04],[-14.087,7],[13.903,7],[18.383,4.21],[20.363,0.21],[20.873,-2]],"c":true},"ix":2},"nm":"路径 1","mn":"ADBE Vector Shape - Group","hd":false},{"ind":1,"ty":"sh","ix":2,"ks":{"a":0,"k":{"i":[[-0.14,0],[0,0],[0,-0.55],[0.07,-0.13],[0,0],[0.38,0],[0,0],[0.17,0.36],[0,0],[-0.5,0.22]],"o":[[0,0],[0.56,0],[0,0.15],[0,0],[-0.16,0.34],[0,0],[-0.4,0],[0,0],[-0.23,-0.51],[0.13,-0.06]],"v":[[-15.876,-3],[15.874,-3],[16.874,-2],[16.774,-1.56],[14.794,2.44],[13.904,3],[-14.086,3],[-15.006,2.41],[-16.786,-1.59],[-16.286,-2.91]],"c":true},"ix":2},"nm":"路径 2","mn":"ADBE Vector Shape - Group","hd":false},{"ty":"mm","mm":1,"nm":"合并路径 1","mn":"ADBE Vector Filter - Merge","hd":false},{"ty":"tr","p":{"a":0,"k":[2.063,14.887],"ix":2},"a":{"a":0,"k":[0,0],"ix":1},"s":{"a":0,"k":[100,100],"ix":3},"r":{"a":0,"k":0,"ix":6},"o":{"a":0,"k":100,"ix":7},"sk":{"a":0,"k":0,"ix":4},"sa":{"a":0,"k":0,"ix":5},"nm":"Transform"}],"nm":"矩形","np":3,"cix":2,"bm":0,"ix":3,"mn":"ADBE Vector Group","hd":false},{"ty":"mm","mm":2,"nm":"合并路径 1","mn":"ADBE Vector Filter - Merge","hd":false},{"ty":"fl","c":{"a":0,"k":[0.117647059262,0.160784319043,0.239215686917,1],"ix":4},"o":{"a":0,"k":100,"ix":5},"r":1,"bm":0,"nm":"填充 1","mn":"ADBE Vector Graphic - Fill","hd":false}],"ip":0,"op":101,"st":0,"bm":0}],"markers":[]}