{"nm":"Wind","mn":"","layers":[{"ty":4,"nm":"Path 3","mn":"","sr":1,"st":0,"op":101,"ip":0,"hd":false,"cl":"","ln":"","ddd":0,"bm":0,"hasMask":false,"ao":0,"ks":{"a":{"a":0,"k":[7.519,-4.944,0],"ix":1},"s":{"a":0,"k":[111,111,100],"ix":6},"sk":{"a":0,"k":0},"p":{"a":0,"k":[24,23,0],"ix":2},"r":{"a":1,"k":[{"o":{"x":0.167,"y":0.167},"i":{"x":0.667,"y":1},"s":[0],"t":0},{"o":{"x":0.333,"y":0},"i":{"x":0.667,"y":1},"s":[390],"t":20},{"o":{"x":0.167,"y":-2.5},"i":{"x":0.833,"y":-2.095},"s":[360],"t":24},{"o":{"x":0.167,"y":0.159},"i":{"x":0.667,"y":1},"s":[360],"t":25},{"o":{"x":0.333,"y":0},"i":{"x":0.667,"y":1},"s":[750],"t":45},{"o":{"x":0.167,"y":-2.5},"i":{"x":0.833,"y":-2.095},"s":[720],"t":49},{"o":{"x":0.167,"y":0.159},"i":{"x":0.667,"y":1},"s":[720],"t":50},{"o":{"x":0.333,"y":0},"i":{"x":0.667,"y":1},"s":[1110],"t":70},{"o":{"x":0.167,"y":-2.5},"i":{"x":0.833,"y":-2.095},"s":[1080],"t":74},{"o":{"x":0.167,"y":0.159},"i":{"x":0.667,"y":1},"s":[1080],"t":75},{"o":{"x":0.333,"y":0},"i":{"x":0.667,"y":1},"s":[1470],"t":95},{"o":{"x":0.167,"y":0.167},"i":{"x":0.833,"y":0.833},"s":[1440],"t":99}],"ix":10},"sa":{"a":0,"k":0},"o":{"a":1,"k":[{"o":{"x":0.167,"y":0.167},"i":{"x":0.833,"y":0.833},"s":[0],"t":10},{"o":{"x":0.167,"y":0.167},"i":{"x":0.833,"y":0.833},"s":[100],"t":13},{"o":{"x":0.167,"y":0.167},"i":{"x":0.833,"y":0.833},"s":[100],"t":35},{"o":{"x":0.167,"y":0.167},"i":{"x":0.833,"y":0.833},"s":[0],"t":38}],"ix":11}},"ef":[],"shapes":[{"ty":"gr","bm":0,"cl":"","ln":"","hd":false,"mn":"ADBE Vector Group","nm":"Path","ix":1,"cix":2,"np":2,"it":[{"ty":"sh","bm":0,"cl":"","ln":"","hd":false,"mn":"ADBE Vector Shape - Group","nm":"路径 1","ix":1,"d":1,"ks":{"a":0,"k":{"c":true,"i":[[0,0],[-0.71,-1.99],[0,0],[-2.53,0.37],[-0.12,1.55],[0.05,0.52],[0,0],[0,0.02],[-0.27,0.64],[-0.13,0.21],[0.32,0.49],[0.14,0.32],[0.04,0.25],[0.63,0.11],[0.19,0.01],[1.21,-1.2]],"o":[[-1.49,1.65],[0,0],[0.97,2.53],[1.45,-0.16],[0.03,-0.4],[0,0],[0,-0.05],[0,-0.26],[0.05,-0.15],[0.31,-0.5],[-0.13,-0.19],[-0.13,-0.33],[-0.11,-0.63],[-0.24,-0.04],[-2.31,-0.14],[0,0]],"v":[[-3.678,-3.851],[-4.678,0.919],[-4.557,1.219],[1.962,5.709],[4.292,3.059],[4.262,1.729],[4.163,0.859],[4.163,0.749],[4.562,-0.671],[4.842,-1.211],[4.822,-2.821],[4.432,-3.581],[4.173,-4.441],[2.932,-5.661],[2.292,-5.731],[-3.527,-4.001]]},"ix":2}},{"ty":"fl","bm":0,"cl":"","ln":"","hd":false,"mn":"ADBE Vector Graphic - Fill","nm":"填充 1","c":{"a":0,"k":[0.1059,0.3882,0.8941],"ix":4},"r":1,"o":{"a":0,"k":100,"ix":5}},{"ty":"tr","a":{"a":0,"k":[0,0],"ix":1},"s":{"a":0,"k":[100,100],"ix":3},"sk":{"a":0,"k":0,"ix":4},"p":{"a":0,"k":[0,0],"ix":2},"r":{"a":0,"k":0,"ix":6},"sa":{"a":0,"k":0,"ix":5},"o":{"a":0,"k":100,"ix":7}}]}],"ind":1},{"ty":4,"nm":"Path 2","mn":"","sr":1,"st":0,"op":101,"ip":0,"hd":false,"cl":"","ln":"","ddd":0,"bm":0,"hasMask":false,"ao":0,"ks":{"a":{"a":0,"k":[-6.982,-4.616,0],"ix":1},"s":{"a":0,"k":[111,111,100],"ix":6},"sk":{"a":0,"k":0},"p":{"a":0,"k":[24,23,0],"ix":2},"r":{"a":1,"k":[{"o":{"x":0.167,"y":0.167},"i":{"x":0.667,"y":1},"s":[0],"t":0},{"o":{"x":0.333,"y":0},"i":{"x":0.667,"y":1},"s":[390],"t":20},{"o":{"x":0.167,"y":-2.5},"i":{"x":0.833,"y":-2.095},"s":[360],"t":24},{"o":{"x":0.167,"y":0.159},"i":{"x":0.667,"y":1},"s":[360],"t":25},{"o":{"x":0.333,"y":0},"i":{"x":0.667,"y":1},"s":[750],"t":45},{"o":{"x":0.167,"y":-2.5},"i":{"x":0.833,"y":-2.095},"s":[720],"t":49},{"o":{"x":0.167,"y":0.159},"i":{"x":0.667,"y":1},"s":[720],"t":50},{"o":{"x":0.333,"y":0},"i":{"x":0.667,"y":1},"s":[1110],"t":70},{"o":{"x":0.167,"y":-2.5},"i":{"x":0.833,"y":-2.095},"s":[1080],"t":74},{"o":{"x":0.167,"y":0.159},"i":{"x":0.667,"y":1},"s":[1080],"t":75},{"o":{"x":0.333,"y":0},"i":{"x":0.667,"y":1},"s":[1470],"t":95},{"o":{"x":0.167,"y":0.167},"i":{"x":0.833,"y":0.833},"s":[1440],"t":99}],"ix":10},"sa":{"a":0,"k":0},"o":{"a":1,"k":[{"o":{"x":0.167,"y":0.167},"i":{"x":0.833,"y":0.833},"s":[0],"t":10},{"o":{"x":0.167,"y":0.167},"i":{"x":0.833,"y":0.833},"s":[100],"t":13},{"o":{"x":0.167,"y":0.167},"i":{"x":0.833,"y":0.833},"s":[100],"t":60},{"o":{"x":0.167,"y":0.167},"i":{"x":0.833,"y":0.833},"s":[0],"t":63}],"ix":11}},"ef":[],"shapes":[{"ty":"gr","bm":0,"cl":"","ln":"","hd":false,"mn":"ADBE Vector Group","nm":"Path","ix":1,"cix":2,"np":2,"it":[{"ty":"sh","bm":0,"cl":"","ln":"","hd":false,"mn":"ADBE Vector Shape - Group","nm":"路径 1","ix":1,"d":1,"ks":{"a":0,"k":{"c":true,"i":[[0,0],[0.65,-0.35],[0,0],[0,0],[0.69,-0.05],[0.26,0.02],[0.3,-0.49],[0.24,-0.27],[0.2,-0.14],[-0.18,-0.61],[-0.06,-0.17],[-1.67,-0.48],[-1.43,1.47],[0,0],[1.44,2.11],[0.89,-0.01]],"o":[[-0.55,0.05],[0,0],[0,0],[-0.23,0.11],[-0.16,0.01],[-0.57,-0.06],[-0.11,0.2],[-0.23,0.26],[-0.52,0.38],[0.08,0.24],[0.94,2.23],[2.1,0.6],[0,0],[1.85,-1.98],[-0.51,-0.8],[0,0]],"v":[[2.677,-5.373],[0.887,-4.773],[0.597,-4.603],[-0.443,-3.963],[-1.893,-3.703],[-2.513,-3.723],[-3.943,-3.003],[-4.463,-2.313],[-5.113,-1.703],[-5.673,-0.063],[-5.463,0.547],[-1.143,5.087],[3.537,3.937],[3.807,3.657],[4.987,-4.173],[2.877,-5.383]]},"ix":2}},{"ty":"fl","bm":0,"cl":"","ln":"","hd":false,"mn":"ADBE Vector Graphic - Fill","nm":"填充 1","c":{"a":0,"k":[0.1059,0.3882,0.8941],"ix":4},"r":1,"o":{"a":0,"k":100,"ix":5}},{"ty":"tr","a":{"a":0,"k":[0,0],"ix":1},"s":{"a":0,"k":[100,100],"ix":3},"sk":{"a":0,"k":0,"ix":4},"p":{"a":0,"k":[0,0],"ix":2},"r":{"a":0,"k":0,"ix":6},"sa":{"a":0,"k":0,"ix":5},"o":{"a":0,"k":100,"ix":7}}]}],"ind":2},{"ty":4,"nm":"Path","mn":"","sr":1,"st":0,"op":101,"ip":0,"hd":false,"cl":"","ln":"","ddd":0,"bm":0,"hasMask":false,"ao":0,"ks":{"a":{"a":0,"k":[-0.112,8.2,0],"ix":1},"s":{"a":0,"k":[111,111,100],"ix":6},"sk":{"a":0,"k":0},"p":{"a":0,"k":[24,23,0],"ix":2},"r":{"a":1,"k":[{"o":{"x":0.167,"y":0.167},"i":{"x":0.667,"y":1},"s":[0],"t":0},{"o":{"x":0.333,"y":0},"i":{"x":0.667,"y":1},"s":[390],"t":20},{"o":{"x":0.167,"y":-2.5},"i":{"x":0.833,"y":-2.095},"s":[360],"t":24},{"o":{"x":0.167,"y":0.159},"i":{"x":0.667,"y":1},"s":[360],"t":25},{"o":{"x":0.333,"y":0},"i":{"x":0.667,"y":1},"s":[750],"t":45},{"o":{"x":0.167,"y":-2.5},"i":{"x":0.833,"y":-2.095},"s":[720],"t":49},{"o":{"x":0.167,"y":0.159},"i":{"x":0.667,"y":1},"s":[720],"t":50},{"o":{"x":0.333,"y":0},"i":{"x":0.667,"y":1},"s":[1110],"t":70},{"o":{"x":0.167,"y":-2.5},"i":{"x":0.833,"y":-2.095},"s":[1080],"t":74},{"o":{"x":0.167,"y":0.159},"i":{"x":0.667,"y":1},"s":[1080],"t":75},{"o":{"x":0.333,"y":0},"i":{"x":0.667,"y":1},"s":[1470],"t":95},{"o":{"x":0.167,"y":0.167},"i":{"x":0.833,"y":0.833},"s":[1440],"t":99}],"ix":10},"sa":{"a":0,"k":0},"o":{"a":1,"k":[{"o":{"x":0.167,"y":0.167},"i":{"x":0.833,"y":0.833},"s":[0],"t":10},{"o":{"x":0.167,"y":0.167},"i":{"x":0.833,"y":0.833},"s":[100],"t":13},{"o":{"x":0.167,"y":0.167},"i":{"x":0.833,"y":0.833},"s":[100],"t":85},{"o":{"x":0.167,"y":0.167},"i":{"x":0.833,"y":0.833},"s":[0],"t":88}],"ix":11}},"ef":[],"shapes":[{"ty":"gr","bm":0,"cl":"","ln":"","hd":false,"mn":"ADBE Vector Group","nm":"Path","ix":1,"cix":2,"np":2,"it":[{"ty":"sh","bm":0,"cl":"","ln":"","hd":false,"mn":"ADBE Vector Shape - Group","nm":"路径 1","ix":1,"d":1,"ks":{"a":0,"k":{"c":true,"i":[[1.29,-2.13],[0,0],[-1.45,-1.06],[0,0],[-0.14,-0.09],[0,0],[-0.37,-0.59],[-0.1,-0.23],[-0.51,-0.07],[0,0],[-0.34,-0.08],[-0.22,-0.11],[-0.45,0.45],[-0.11,0.14],[0.36,1.7],[1.8,0.55],[0,0],[0.18,0.05]],"o":[[0,0],[-0.82,1.44],[0,0],[0.09,0.06],[0,0],[0.21,0.15],[0.08,0.13],[0.2,0.49],[0,0],[0.22,0.01],[0.35,0.09],[0.58,0.28],[0.18,-0.17],[1.53,-1.87],[-0.43,-2.06],[0,0],[-0.09,-0.03],[-2.55,-0.68]],"v":[[-5.268,-2.728],[-5.358,-2.568],[-4.258,1.172],[-4.088,1.292],[-3.748,1.512],[-2.648,2.172],[-1.728,3.322],[-1.458,3.872],[-0.298,4.782],[-0.148,4.802],[0.692,4.932],[1.542,5.222],[3.252,4.942],[3.692,4.472],[5.672,-1.468],[2.642,-5.008],[2.432,-5.068],[2.092,-5.168]]},"ix":2}},{"ty":"fl","bm":0,"cl":"","ln":"","hd":false,"mn":"ADBE Vector Graphic - Fill","nm":"填充 1","c":{"a":0,"k":[0.1059,0.3882,0.8941],"ix":4},"r":1,"o":{"a":0,"k":100,"ix":5}},{"ty":"tr","a":{"a":0,"k":[0,0],"ix":1},"s":{"a":0,"k":[100,100],"ix":3},"sk":{"a":0,"k":0,"ix":4},"p":{"a":0,"k":[0,0],"ix":2},"r":{"a":0,"k":0,"ix":6},"sa":{"a":0,"k":0,"ix":5},"o":{"a":0,"k":100,"ix":7}}]}],"ind":3},{"ty":4,"nm":"BackLine22","mn":"","sr":1,"st":0,"op":100,"ip":0,"hd":false,"cl":"","ln":"","ddd":0,"bm":0,"hasMask":false,"ao":0,"ks":{"a":{"a":0,"k":[11.626,-16.75,0],"ix":1},"s":{"a":0,"k":[126,126,100],"ix":6},"sk":{"a":0,"k":0},"p":{"a":0,"k":[50.125,13.245,0],"ix":2},"r":{"a":0,"k":-34,"ix":10},"sa":{"a":0,"k":0},"o":{"a":0,"k":100,"ix":11}},"ef":[],"shapes":[{"ty":"gr","bm":0,"cl":"","ln":"","hd":false,"mn":"ADBE Vector Group","nm":"Rectangle 1","ix":1,"cix":2,"np":3,"it":[{"ty":"rc","bm":0,"cl":"","ln":"","hd":false,"mn":"ADBE Vector Shape - Rect","nm":"Rectangle Path 1","d":1,"p":{"a":0,"k":[0,0],"ix":3},"r":{"a":0,"k":20,"ix":4},"s":{"a":0,"k":[3.94,6.161],"ix":2}},{"ty":"fl","bm":0,"cl":"","ln":"","hd":false,"mn":"ADBE Vector Graphic - Fill","nm":"Fill 1","c":{"a":0,"k":[0.6196,0.6549,0.7255],"ix":4},"r":1,"o":{"a":0,"k":100,"ix":5}},{"ty":"tr","a":{"a":0,"k":[0,0],"ix":1},"s":{"a":0,"k":[100,100],"ix":3},"sk":{"a":0,"k":0,"ix":4},"p":{"a":0,"k":[11.626,-16.795],"ix":2},"r":{"a":0,"k":0,"ix":6},"sa":{"a":0,"k":0,"ix":5},"o":{"a":0,"k":100,"ix":7}}]}],"ind":4},{"ty":4,"nm":"BackLine1","mn":"","sr":1,"st":0,"op":100,"ip":0,"hd":false,"cl":"","ln":"","ddd":0,"bm":0,"hasMask":false,"ao":0,"ks":{"a":{"a":0,"k":[0.082,0.007,0],"ix":1},"s":{"a":0,"k":[86.531,113.147,100],"ix":6},"sk":{"a":0,"k":0},"p":{"a":0,"k":[48.625,28.153,0],"ix":2},"r":{"a":0,"k":18,"ix":10},"sa":{"a":0,"k":0},"o":{"a":0,"k":100,"ix":11}},"ef":[],"shapes":[{"ty":"sh","bm":0,"cl":"","ln":"","hd":false,"mn":"ADBE Vector Shape - Group","nm":"Path 1","ix":1,"d":1,"ks":{"a":0,"k":{"c":true,"i":[[0,-0.494],[0,0],[0.299,-0.35],[0.609,0],[0,0],[0.366,0.497],[0,0.491],[0,0],[-0.665,0.658],[-0.581,0],[0,0],[-0.367,-0.431]],"o":[[0,0],[0,0.496],[-0.367,0.429],[0,0],[-0.614,0],[-0.366,-0.497],[0,0],[0,-0.524],[0.665,-0.658],[0,0],[0.61,0],[0.297,0.349]],"v":[[3.234,-6.406],[3.234,6.406],[2.589,7.674],[0.286,8.409],[-0.428,8.38],[-2.873,7.228],[-3.306,5.998],[-3.077,-4.921],[-1.976,-7.392],[0.749,-8.478],[1.234,-8.406],[2.757,-7.702]]},"ix":2}},{"ty":"fl","bm":0,"cl":"","ln":"","hd":false,"mn":"ADBE Vector Graphic - Fill","nm":"Fill 1","c":{"a":0,"k":[0.6196,0.6549,0.7255],"ix":4},"r":1,"o":{"a":0,"k":100,"ix":5}}],"ind":5},{"ty":4,"nm":"Back 2","mn":"","sr":1,"st":0,"op":101,"ip":0,"hd":false,"cl":"","ln":"","ddd":0,"bm":0,"hasMask":false,"ao":0,"ks":{"a":{"a":0,"k":[0,0,0],"ix":1},"s":{"a":0,"k":[-100,100,100],"ix":6},"sk":{"a":0,"k":0},"p":{"a":0,"k":[30.684,31.362,0],"ix":2},"r":{"a":0,"k":0,"ix":10},"sa":{"a":0,"k":0},"o":{"a":0,"k":100,"ix":11}},"ef":[],"shapes":[{"ty":"rd","bm":0,"cl":"","ln":"","hd":false,"mn":"ADBE Vector Filter - RC","nm":"圆角 1","ix":1,"r":{"a":0,"k":3.5,"ix":1}},{"ty":"rd","bm":0,"cl":"","ln":"","hd":false,"mn":"ADBE Vector Filter - RC","nm":"圆角 2","ix":2,"r":{"a":0,"k":3,"ix":1}},{"ty":"gr","bm":0,"cl":"","ln":"","hd":false,"mn":"ADBE Vector Group","nm":"矩形","ix":3,"cix":2,"np":3,"it":[{"ty":"sh","bm":0,"cl":"","ln":"","hd":false,"mn":"ADBE Vector Shape - Group","nm":"路径 1","ix":1,"d":1,"ks":{"a":0,"k":{"c":true,"i":[[2.77,0],[0,0],[0.64,-0.28],[-1.13,-2.52],[0,0],[-1.97,0],[0,0],[-0.84,1.71],[0,0],[0,0.77]],"o":[[0,0],[-0.7,0],[-2.52,1.13],[0,0],[0.81,1.8],[0,0],[1.9,0],[0,0],[0.34,-0.68],[0,-2.76]],"v":[[15.873,-7],[-15.877,-7],[-17.917,-6.57],[-20.437,0.04],[-18.657,4.04],[-14.087,7],[13.903,7],[18.383,4.21],[20.363,0.21],[20.873,-2]]},"ix":2}},{"ty":"sh","bm":0,"cl":"","ln":"","hd":false,"mn":"ADBE Vector Shape - Group","nm":"路径 2","ix":2,"d":1,"ks":{"a":0,"k":{"c":true,"i":[[-0.14,0],[0,0],[0,-0.55],[0.07,-0.13],[0,0],[0.38,0],[0,0],[0.17,0.36],[0,0],[-0.5,0.22]],"o":[[0,0],[0.56,0],[0,0.15],[0,0],[-0.16,0.34],[0,0],[-0.4,0],[0,0],[-0.23,-0.51],[0.13,-0.06]],"v":[[-15.876,-3],[15.874,-3],[16.874,-2],[16.774,-1.56],[14.794,2.44],[13.904,3],[-14.086,3],[-15.006,2.41],[-16.786,-1.59],[-16.286,-2.91]]},"ix":2}},{"ty":"mm","bm":0,"cl":"","ln":"","hd":false,"mn":"ADBE Vector Filter - Merge","nm":"合并路径 1","mm":1},{"ty":"tr","a":{"a":0,"k":[0,0],"ix":1},"s":{"a":0,"k":[100,100],"ix":3},"sk":{"a":0,"k":0,"ix":4},"p":{"a":0,"k":[2.063,14.887],"ix":2},"r":{"a":0,"k":0,"ix":6},"sa":{"a":0,"k":0,"ix":5},"o":{"a":0,"k":100,"ix":7}}]},{"ty":"mm","bm":0,"cl":"","ln":"","hd":false,"mn":"ADBE Vector Filter - Merge","nm":"合并路径 1","mm":2},{"ty":"fl","bm":0,"cl":"","ln":"","hd":false,"mn":"ADBE Vector Graphic - Fill","nm":"填充 1","c":{"a":0,"k":[0.6196,0.6549,0.7255],"ix":4},"r":1,"o":{"a":0,"k":100,"ix":5}}],"ind":6},{"ty":4,"nm":"椭圆形 copy 2","mn":"","sr":1,"st":0,"op":101,"ip":0,"hd":false,"cl":"","ln":"","ddd":0,"bm":0,"hasMask":false,"ao":0,"ks":{"a":{"a":0,"k":[0,0,0],"ix":1},"s":{"a":0,"k":[100,100,100],"ix":6},"sk":{"a":0,"k":0},"p":{"a":0,"k":[24.005,23.001,0],"ix":2},"r":{"a":0,"k":0,"ix":10},"sa":{"a":0,"k":0},"o":{"a":0,"k":100,"ix":11}},"ef":[],"shapes":[{"ty":"gr","bm":0,"cl":"","ln":"","hd":false,"mn":"ADBE Vector Group","nm":"椭圆形 copy","ix":1,"cix":2,"np":2,"it":[{"ty":"sh","bm":0,"cl":"","ln":"","hd":false,"mn":"ADBE Vector Shape - Group","nm":"Path 1","ix":1,"d":1,"ks":{"a":0,"k":{"c":true,"i":[[-1.28,0],[0,1.29],[1.29,0],[0,-1.28]],"o":[[1.29,0],[0,-1.28],[-1.28,0],[0,1.29]],"v":[[-0.005,2.325],[2.325,-0.005],[-0.005,-2.325],[-2.325,-0.005]]},"ix":2}},{"ty":"fl","bm":0,"cl":"","ln":"","hd":false,"mn":"ADBE Vector Graphic - Fill","nm":"Fill 1","c":{"a":0,"k":[0.3373,0.3686,0.4431],"ix":4},"r":1,"o":{"a":0,"k":100,"ix":5}},{"ty":"tr","a":{"a":0,"k":[0,0],"ix":1},"s":{"a":0,"k":[100,100],"ix":3},"sk":{"a":0,"k":0,"ix":4},"p":{"a":0,"k":[0,0],"ix":2},"r":{"a":0,"k":0,"ix":6},"sa":{"a":0,"k":0,"ix":5},"o":{"a":0,"k":100,"ix":7}}]}],"ind":7},{"ty":4,"nm":"Path 6","mn":"","sr":1,"st":0,"op":101,"ip":0,"hd":false,"cl":"","ln":"","ddd":0,"bm":0,"hasMask":false,"ao":0,"ks":{"a":{"a":0,"k":[-0.126,9.077,0],"ix":1},"s":{"a":0,"k":[100,100,100],"ix":6},"sk":{"a":0,"k":0},"p":{"a":0,"k":[24,23,0],"ix":2},"r":{"a":1,"k":[{"o":{"x":0.167,"y":0.167},"i":{"x":0.667,"y":1},"s":[0],"t":0},{"o":{"x":0.333,"y":0},"i":{"x":0.667,"y":1},"s":[390],"t":20},{"o":{"x":0.167,"y":-2.5},"i":{"x":0.833,"y":-2.095},"s":[360],"t":24},{"o":{"x":0.167,"y":0.159},"i":{"x":0.667,"y":1},"s":[360],"t":25},{"o":{"x":0.333,"y":0},"i":{"x":0.667,"y":1},"s":[750],"t":45},{"o":{"x":0.167,"y":-2.5},"i":{"x":0.833,"y":-2.095},"s":[720],"t":49},{"o":{"x":0.167,"y":0.159},"i":{"x":0.667,"y":1},"s":[720],"t":50},{"o":{"x":0.333,"y":0},"i":{"x":0.667,"y":1},"s":[1110],"t":70},{"o":{"x":0.167,"y":-2.5},"i":{"x":0.833,"y":-2.095},"s":[1080],"t":74},{"o":{"x":0.167,"y":0.159},"i":{"x":0.667,"y":1},"s":[1080],"t":75},{"o":{"x":0.333,"y":0},"i":{"x":0.667,"y":1},"s":[1470],"t":95},{"o":{"x":0.167,"y":0.167},"i":{"x":0.833,"y":0.833},"s":[1440],"t":99}],"ix":10},"sa":{"a":0,"k":0},"o":{"a":1,"k":[{"o":{"x":0.167,"y":0.167},"i":{"x":0.833,"y":0.833},"s":[100],"t":12},{"o":{"x":0.167,"y":0.167},"i":{"x":0.833,"y":0.833},"s":[0],"t":13},{"o":{"x":0.167,"y":0.167},"i":{"x":0.833,"y":0.833},"s":[0],"t":85},{"o":{"x":0.167,"y":0.167},"i":{"x":0.833,"y":0.833},"s":[100],"t":86}],"ix":11}},"ef":[],"shapes":[{"ty":"gr","bm":0,"cl":"","ln":"","hd":false,"mn":"ADBE Vector Group","nm":"Path","ix":1,"cix":2,"np":4,"it":[{"ty":"sh","bm":0,"cl":"","ln":"","hd":false,"mn":"ADBE Vector Shape - Group","nm":"Path 1","ix":1,"d":1,"ks":{"a":0,"k":{"c":true,"i":[[-1.77,-0.47],[0,0],[0,0],[-0.26,-1.23],[0,0],[0.9,-1.29],[0,0],[0,0],[0.23,0.05],[0,0],[0.1,0.01],[0,0],[0,0],[0.05,0.07],[0.57,0.42],[0,0],[0,0],[0.05,0.04],[0,0],[0.06,0.09],[-0.02,0.03],[0,0]],"o":[[0,0],[0,0],[0.87,0.28],[0,0],[0.1,0.87],[0,0],[0,0],[-0.21,-0.07],[0,0],[-0.1,-0.03],[0,0],[0,0],[-0.05,-0.08],[-0.58,-0.93],[0,0],[0,0],[-0.1,-0.06],[0,0],[-0.29,-0.21],[0.01,0],[0,0],[0.64,-1.21]],"v":[[1.599,-3.043],[1.949,-2.953],[2.269,-2.853],[3.569,-1.053],[3.599,-0.893],[2.319,2.707],[2.119,2.977],[2.069,2.957],[1.419,2.777],[1.099,2.707],[0.799,2.647],[0.659,2.627],[0.569,2.447],[0.429,2.217],[-1.301,0.157],[-1.401,0.097],[-2.671,-0.663],[-2.901,-0.813],[-3.081,-0.933],[-3.591,-1.393],[-3.551,-1.433],[-3.511,-1.513]]},"ix":2}},{"ty":"sh","bm":0,"cl":"","ln":"","hd":false,"mn":"ADBE Vector Shape - Group","nm":"Path 2","ix":2,"d":1,"ks":{"a":0,"k":{"c":true,"i":[[1.44,-2.35],[0,0],[-1.6,-1.18],[0,0],[-0.16,-0.1],[0,0],[-0.41,-0.65],[-0.11,-0.26],[-0.57,-0.08],[0,0],[-0.37,-0.09],[-0.25,-0.12],[-0.5,0.49],[-0.12,0.15],[0.39,1.88],[1.99,0.61],[0,0],[0.2,0.05]],"o":[[0,0],[-0.9,1.58],[0,0],[0.09,0.06],[0,0],[0.22,0.17],[0.09,0.15],[0.22,0.55],[0,0],[0.25,0.01],[0.39,0.09],[0.63,0.31],[0.2,-0.2],[1.7,-2.07],[-0.49,-2.29],[0,0],[-0.1,-0.03],[-2.82,-0.76]],"v":[[-5.835,-3.024],[-5.935,-2.834],[-4.715,1.296],[-4.525,1.436],[-4.145,1.676],[-2.925,2.396],[-1.915,3.676],[-1.615,4.286],[-0.325,5.296],[-0.165,5.316],[0.765,5.466],[1.715,5.786],[3.605,5.476],[4.085,4.956],[6.285,-1.624],[2.925,-5.544],[2.695,-5.614],[2.315,-5.714]]},"ix":2}},{"ty":"mm","bm":0,"cl":"","ln":"","hd":false,"mn":"ADBE Vector Filter - Merge","nm":"Merge Paths 1","mm":1},{"ty":"fl","bm":0,"cl":"","ln":"","hd":false,"mn":"ADBE Vector Graphic - Fill","nm":"Fill 1","c":{"a":0,"k":[0.3373,0.3686,0.4431],"ix":4},"r":1,"o":{"a":0,"k":100,"ix":5}},{"ty":"tr","a":{"a":0,"k":[0,0],"ix":1},"s":{"a":0,"k":[100,100],"ix":3},"sk":{"a":0,"k":0,"ix":4},"p":{"a":0,"k":[0,0],"ix":2},"r":{"a":0,"k":0,"ix":6},"sa":{"a":0,"k":0,"ix":5},"o":{"a":0,"k":100,"ix":7}}]}],"ind":8},{"ty":4,"nm":"Path 5","mn":"","sr":1,"st":0,"op":101,"ip":0,"hd":false,"cl":"","ln":"","ddd":0,"bm":0,"hasMask":false,"ao":0,"ks":{"a":{"a":0,"k":[-7.731,-5.112,0],"ix":1},"s":{"a":0,"k":[100,100,100],"ix":6},"sk":{"a":0,"k":0},"p":{"a":0,"k":[24,23,0],"ix":2},"r":{"a":1,"k":[{"o":{"x":0.167,"y":0.167},"i":{"x":0.667,"y":1},"s":[0],"t":0},{"o":{"x":0.333,"y":0},"i":{"x":0.667,"y":1},"s":[390],"t":20},{"o":{"x":0.167,"y":-2.5},"i":{"x":0.833,"y":-2.095},"s":[360],"t":24},{"o":{"x":0.167,"y":0.159},"i":{"x":0.667,"y":1},"s":[360],"t":25},{"o":{"x":0.333,"y":0},"i":{"x":0.667,"y":1},"s":[750],"t":45},{"o":{"x":0.167,"y":-2.5},"i":{"x":0.833,"y":-2.095},"s":[720],"t":49},{"o":{"x":0.167,"y":0.159},"i":{"x":0.667,"y":1},"s":[720],"t":50},{"o":{"x":0.333,"y":0},"i":{"x":0.667,"y":1},"s":[1110],"t":70},{"o":{"x":0.167,"y":-2.5},"i":{"x":0.833,"y":-2.095},"s":[1080],"t":74},{"o":{"x":0.167,"y":0.159},"i":{"x":0.667,"y":1},"s":[1080],"t":75},{"o":{"x":0.333,"y":0},"i":{"x":0.667,"y":1},"s":[1470],"t":95},{"o":{"x":0.167,"y":0.167},"i":{"x":0.833,"y":0.833},"s":[1440],"t":99}],"ix":10},"sa":{"a":0,"k":0},"o":{"a":1,"k":[{"o":{"x":0.167,"y":0.167},"i":{"x":0.833,"y":0.833},"s":[100],"t":12},{"o":{"x":0.167,"y":0.167},"i":{"x":0.833,"y":0.833},"s":[0],"t":13},{"o":{"x":0.167,"y":0.167},"i":{"x":0.833,"y":0.833},"s":[0],"t":60},{"o":{"x":0.167,"y":0.167},"i":{"x":0.833,"y":0.833},"s":[100],"t":61}],"ix":11}},"ef":[],"shapes":[{"ty":"gr","bm":0,"cl":"","ln":"","hd":false,"mn":"ADBE Vector Group","nm":"Path","ix":1,"cix":2,"np":4,"it":[{"ty":"sh","bm":0,"cl":"","ln":"","hd":false,"mn":"ADBE Vector Shape - Group","nm":"Path 1","ix":1,"d":1,"ks":{"a":0,"k":{"c":true,"i":[[0,0],[0.72,-0.39],[0,0],[0,0],[0.77,-0.05],[0.28,0.03],[0.33,-0.55],[0.26,-0.28],[0.23,-0.17],[-0.2,-0.67],[-0.07,-0.19],[-1.85,-0.53],[-1.58,1.62],[0,0],[1.59,2.34],[0.98,-0.02]],"o":[[-0.62,0.05],[0,0],[0,0],[-0.25,0.12],[-0.18,0.01],[-0.64,-0.07],[-0.12,0.21],[-0.26,0.3],[-0.57,0.41],[0.08,0.27],[1.03,2.46],[2.33,0.67],[0,0],[2.05,-2.2],[-0.57,-0.89],[0,0]],"v":[[2.973,-5.95],[0.983,-5.28],[0.653,-5.1],[-0.497,-4.39],[-2.097,-4.1],[-2.777,-4.12],[-4.367,-3.32],[-4.937,-2.57],[-5.667,-1.88],[-6.277,-0.07],[-6.047,0.61],[-1.267,5.63],[3.913,4.36],[4.213,4.05],[5.523,-4.62],[3.183,-5.96]]},"ix":2}},{"ty":"sh","bm":0,"cl":"","ln":"","hd":false,"mn":"ADBE Vector Shape - Group","nm":"Path 2","ix":2,"d":1,"ks":{"a":0,"k":{"c":true,"i":[[-0.23,0.04],[0,0],[-0.01,-0.02],[0,0],[1.25,-1.33],[0,0],[1.4,0.4],[0,0],[0.71,1.55],[0,0],[-0.16,0.17],[0,0],[0,0],[0,0],[0,0],[0,0],[-0.64,0.31],[0,0],[-0.1,0.06],[0,0]],"o":[[0,0],[0,0.01],[0,0],[0.8,1.16],[0,0],[-0.97,1.04],[0,0],[-0.88,-0.35],[0,0],[0.16,-0.16],[0,0],[0,0],[0,0],[0,0],[0,0],[1.1,-0.08],[0,0],[0.07,-0.04],[0,0],[0.45,-0.25]],"v":[[3.116,-3.176],[3.166,-3.186],[3.186,-3.136],[3.206,-3.096],[2.186,2.154],[2.076,2.274],[-0.494,2.974],[-0.644,2.924],[-3.374,-0.206],[-3.334,-0.236],[-2.864,-0.726],[-2.654,-0.976],[-2.464,-1.216],[-2.374,-1.326],[-2.174,-1.326],[-1.914,-1.336],[0.716,-1.906],[0.846,-1.966],[1.096,-2.116],[2.096,-2.736]]},"ix":2}},{"ty":"mm","bm":0,"cl":"","ln":"","hd":false,"mn":"ADBE Vector Filter - Merge","nm":"Merge Paths 1","mm":1},{"ty":"fl","bm":0,"cl":"","ln":"","hd":false,"mn":"ADBE Vector Graphic - Fill","nm":"Fill 1","c":{"a":0,"k":[0.3373,0.3686,0.4431],"ix":4},"r":1,"o":{"a":0,"k":100,"ix":5}},{"ty":"tr","a":{"a":0,"k":[0,0],"ix":1},"s":{"a":0,"k":[100,100],"ix":3},"sk":{"a":0,"k":0,"ix":4},"p":{"a":0,"k":[0,0],"ix":2},"r":{"a":0,"k":0,"ix":6},"sa":{"a":0,"k":0,"ix":5},"o":{"a":0,"k":100,"ix":7}}]}],"ind":9},{"ty":4,"nm":"Path 4","mn":"","sr":1,"st":0,"op":101,"ip":0,"hd":false,"cl":"","ln":"","ddd":0,"bm":0,"hasMask":false,"ao":0,"ks":{"a":{"a":0,"k":[8.323,-5.475,0],"ix":1},"s":{"a":0,"k":[100,100,100],"ix":6},"sk":{"a":0,"k":0},"p":{"a":0,"k":[24,23,0],"ix":2},"r":{"a":1,"k":[{"o":{"x":0.167,"y":0.167},"i":{"x":0.667,"y":1},"s":[0],"t":0},{"o":{"x":0.333,"y":0},"i":{"x":0.667,"y":1},"s":[390],"t":20},{"o":{"x":0.167,"y":-2.5},"i":{"x":0.833,"y":-2.095},"s":[360],"t":24},{"o":{"x":0.167,"y":0.159},"i":{"x":0.667,"y":1},"s":[360],"t":25},{"o":{"x":0.333,"y":0},"i":{"x":0.667,"y":1},"s":[750],"t":45},{"o":{"x":0.167,"y":-2.5},"i":{"x":0.833,"y":-2.095},"s":[720],"t":49},{"o":{"x":0.167,"y":0.159},"i":{"x":0.667,"y":1},"s":[720],"t":50},{"o":{"x":0.333,"y":0},"i":{"x":0.667,"y":1},"s":[1110],"t":70},{"o":{"x":0.167,"y":-2.5},"i":{"x":0.833,"y":-2.095},"s":[1080],"t":74},{"o":{"x":0.167,"y":0.159},"i":{"x":0.667,"y":1},"s":[1080],"t":75},{"o":{"x":0.333,"y":0},"i":{"x":0.667,"y":1},"s":[1470],"t":95},{"o":{"x":0.167,"y":0.167},"i":{"x":0.833,"y":0.833},"s":[1440],"t":99}],"ix":10},"sa":{"a":0,"k":0},"o":{"a":1,"k":[{"o":{"x":0.167,"y":0.167},"i":{"x":0.833,"y":0.833},"s":[100],"t":12},{"o":{"x":0.167,"y":0.167},"i":{"x":0.833,"y":0.833},"s":[0],"t":13},{"o":{"x":0.167,"y":0.167},"i":{"x":0.833,"y":0.833},"s":[0],"t":35},{"o":{"x":0.167,"y":0.167},"i":{"x":0.833,"y":0.833},"s":[100],"t":36}],"ix":11}},"ef":[],"shapes":[{"ty":"gr","bm":0,"cl":"","ln":"","hd":false,"mn":"ADBE Vector Group","nm":"Path","ix":1,"cix":2,"np":4,"it":[{"ty":"sh","bm":0,"cl":"","ln":"","hd":false,"mn":"ADBE Vector Shape - Group","nm":"Path 1","ix":1,"d":1,"ks":{"a":0,"k":{"c":true,"i":[[0,0],[-0.79,-2.2],[0,0],[-2.81,0.41],[-0.13,1.72],[0.05,0.58],[0,0],[0,0.03],[-0.29,0.72],[-0.14,0.24],[0.35,0.53],[0.15,0.36],[0.04,0.27],[0.7,0.12],[0.2,0.01],[1.34,-1.32]],"o":[[-1.65,1.82],[0,0],[1.08,2.8],[1.6,-0.18],[0.03,-0.44],[0,0],[0,-0.05],[0,-0.28],[0.06,-0.16],[0.34,-0.54],[-0.14,-0.21],[-0.15,-0.36],[-0.13,-0.69],[-0.27,-0.04],[-2.56,-0.15],[0,0]],"v":[[-4.07,-4.257],[-5.18,1.013],[-5.05,1.353],[2.18,6.323],[4.75,3.383],[4.72,1.913],[4.61,0.943],[4.61,0.823],[5.05,-0.747],[5.36,-1.347],[5.34,-3.117],[4.91,-3.967],[4.62,-4.917],[3.25,-6.267],[2.54,-6.347],[-3.9,-4.437]]},"ix":2}},{"ty":"sh","bm":0,"cl":"","ln":"","hd":false,"mn":"ADBE Vector Shape - Group","nm":"Path 2","ix":2,"d":1,"ks":{"a":0,"k":{"c":true,"i":[[0,0],[0,0],[-0.09,-0.21],[0,0],[0,0],[0,0],[0,0],[0,0],[0,0],[0,-0.72],[-0.02,-0.17],[0,0],[0.01,-0.28],[0,0],[0.18,-0.02],[0.66,1.7],[0,0],[-0.9,0.99],[-1.69,0.02]],"o":[[0,0],[0.06,0.21],[0,0],[0,0],[0,0],[0,0],[0,0],[0,0],[-0.41,1.02],[0,0.13],[0,0],[0.06,0.49],[0,0],[-0.01,0.26],[-1.4,0.2],[0,0],[-0.39,-1.09],[0.59,-0.66],[0,0]],"v":[[2.102,-3.599],[2.122,-3.539],[2.352,-2.909],[2.482,-2.609],[2.612,-2.329],[2.672,-2.209],[2.592,-2.029],[2.532,-1.909],[2.482,-1.789],[1.842,0.831],[1.862,1.261],[1.932,1.921],[1.992,3.031],[1.982,3.371],[1.822,3.581],[-2.468,0.361],[-2.638,-0.089],[-2.018,-2.399],[1.812,-3.599]]},"ix":2}},{"ty":"mm","bm":0,"cl":"","ln":"","hd":false,"mn":"ADBE Vector Filter - Merge","nm":"Merge Paths 1","mm":1},{"ty":"fl","bm":0,"cl":"","ln":"","hd":false,"mn":"ADBE Vector Graphic - Fill","nm":"Fill 1","c":{"a":0,"k":[0.3373,0.3686,0.4431],"ix":4},"r":1,"o":{"a":0,"k":100,"ix":5}},{"ty":"tr","a":{"a":0,"k":[0,0],"ix":1},"s":{"a":0,"k":[100,100],"ix":3},"sk":{"a":0,"k":0,"ix":4},"p":{"a":0,"k":[0,0],"ix":2},"r":{"a":0,"k":0,"ix":6},"sa":{"a":0,"k":0,"ix":5},"o":{"a":0,"k":100,"ix":7}}]}],"ind":10}],"ddd":0,"h":62,"w":62,"meta":{"a":"","k":"","d":"","g":"@lottiefiles/toolkit-js 0.22.1","tc":"#000000"},"v":"5.6.9","fr":25,"op":100,"ip":0,"assets":[]}